{"chunk_definitions":[{"row":9,"row_count":1,"visible":true,"expansion_state":0,"options":{"engine":"r","label":"setup","include":false},"document_id":"FC4D79F4","chunk_id":"csetup_chunk","chunk_label":"setup"},{"row":24,"row_count":1,"visible":true,"expansion_state":0,"options":{"engine":"r","label":"unnamed-chunk-98"},"document_id":"FC4D79F4","chunk_id":"cxo4u5wdzrpva","chunk_label":"unnamed-chunk-1"},{"row":36,"row_count":1,"visible":true,"expansion_state":0,"options":{"engine":"r","label":"unnamed-chunk-2"},"document_id":"FC4D79F4","chunk_id":"c95kwcbt0bcqj","chunk_label":"unnamed-chunk-2"},{"row":71,"row_count":1,"visible":true,"expansion_state":0,"options":{"engine":"r","label":"unnamed-chunk-3"},"document_id":"FC4D79F4","chunk_id":"cpefyd8mu9g9n","chunk_label":"unnamed-chunk-4"},{"row":189,"row_count":1,"visible":true,"expansion_state":0,"options":{"engine":"r","label":"unnamed-chunk-13"},"document_id":"FC4D79F4","chunk_id":"co04kxtejwc58","chunk_label":"unnamed-chunk-9"},{"row":222,"row_count":1,"visible":true,"expansion_state":0,"options":{"engine":"r","label":"unnamed-chunk-38"},"document_id":"FC4D79F4","chunk_id":"c1hkjxaeolurb","chunk_label":"unnamed-chunk-10"},{"row":254,"row_count":1,"visible":true,"expansion_state":0,"options":{"engine":"r","label":"unnamed-chunk-39"},"document_id":"FC4D79F4","chunk_id":"c7s29nblh6ybc","chunk_label":"unnamed-chunk-12"},{"row":345,"row_count":1,"visible":true,"expansion_state":0,"options":{"engine":"r","label":"unnamed-chunk-45"},"document_id":"FC4D79F4","chunk_id":"civccxhqxycx1","chunk_label":"unnamed-chunk-15"},{"row":820,"row_count":1,"visible":true,"expansion_state":0,"options":{"engine":"r","label":"unnamed-chunk-102"},"document_id":"FC4D79F4","chunk_id":"ch9f6wei3vyos","chunk_label":"unnamed-chunk-29"}],"doc_write_time":1657925779,"chunk_rendered_width":700}