"0","#esiste la colonna atvtype che ci dice come va il veicolo"
"0",""
"0","#prendiamoci le elettriche"
"0","elettriche<-veicoli%>%"
"0","            filter(atvType==""EV"")"
"0","View(elettriche)   #381 veicoli"
"0",""
"0","#ora prendiamoci le ibride"
"0","hybrid<-veicoli%>%"
"0","            filter(atvType==""Hybrid"" | atvType==""Plug-in Hybrid"")"
"0","View(hybrid)   #1247 veicoli"
"0",""
"0","#prendiamo le combustioni "
"0","combustione<-veicoli%>%"
"0","                filter(atvType!=""Hybrid"" & atvType!=""Plug-in Hybrid"" & atvType!=""EV"")"
"0","View(combustione)"
