"0","#dato che abbiamo quattro colonne che rappresentano la stessa informazione, due per fueltype1 e due per fueltype2 con valori approssimati e non, creiamo una colonna con solo il numero a noi interessato"
"0",""
"0","#preleviamo i dati con valori positivi da analizzare"
"0","co2<-veicoli%>%"
"0","        filter(co2!=-1 | co2A!=-1  | co2TailpipeGpm!=-1 | co2TailpipeAGpm!=-1)"
"0","View(co2) #scoprimao che ogni record ha un valore possibile quindi li useremo tutti, uniamo le colonne in una sola"
"0","co2<-veicoli%>%"
"0","        mutate(co2T = ifelse(co2>0, co2, ifelse(co2A>0, co2A, ifelse(co2TailpipeAGpm>0, co2TailpipeAGpm, co2TailpipeGpm))))"
"0","#controlliamo che non ci siano ancora veicoli con emissionidi co2=0, notiamo le elettriche"
"0","nulli<-co2%>%"
"0","        filter(co2T==0)"
"0","View(nulli)"
"0",""
