"0","#prima facciamo pure le medie per i stessi modelli poiche' i consumi differiscono minimamente "
"0","combustioneMedia<-combustione%>%"
"0","                    group_by(model,atvType)%>%"
"0","                        summarise(c=n(), barrels08=mean(barrels08), year = max(year), city08=mean(city08))"
"2","`summarise()` has grouped output by 'model'. You can override using the `.groups` argument."
"0","                           "
"0","View(combustioneMedia)"
"0","#selezioniamo a parte il bifuel che da problemi col grafico"
"0","cm<-combustioneMedia%>%"
"0","              filter( atvType!=""Bifuel (CNG)"" )"
"0",""
"0","nrow(cm)"
"1","[1]"
"1"," 4544"
"1","
"
"0","#visualizziamo il grafico"
"0","ggplot(data = cm,mapping = aes(x=year, y=city08, color= atvType ))+geom_point(alpha=0.1)+geom_smooth(se = FALSE)+labs(title=""mpg veicoli a combustione in citta'"",subtitle = ""Diesel permette una percorrenza maggiore"")+theme_classic()"
"0",""
